{"cameraMode":{"drawMode":0,"name":"Shaded","section":"Shading Mode"},"sceneLighting":true,"audioPlay":false,"sceneViewState":{"showFog":true,"showMaterialUpdate":false,"showSkybox":true,"showFlares":true,"showImageEffects":true,"showParticleSystems":true},"in2DMode":false,"pivot":{"x":1.5121698379516602,"y":27.01681900024414,"z":-4.666676044464111},"rotation":{"x":0.3085048794746399,"y":-0.6881183981895447,"z":0.5036283731460571,"w":0.42151662707328799},"size":37.71283721923828,"orthographic":false}